Link,Title,Likes
https://youtu.be/kO8Nj09525U,Name1,12650
https://youtu.be/S03T47hapAc,Name2,989
https://youtu.be/qJa-VFwPpYA,Name3,265
https://youtu.be/HyHNuVaZJ-k,Name4,728
https://youtu.be/_0Pf48RqSsg,Name5,98298
https://youtu.be/1V_xRb0x9aw,Name6,9829974
https://youtu.be/04mfKJWDSzI,Name7,98297
https://youtu.be/yYDmaexVHic,Name8,13313
https://youtu.be/lK5HVlcs0og,Name9,2849
https://youtu.be/uAOR6ib95kQ,Name10,28824
https://youtu.be/WXR-bCF5dbM,Name11,913
https://youtu.be/qP4BYTDeR84,Name12,16613
https://youtu.be/cLnkQAeMbIM,Name13,6623
https://youtu.be/f8NwLXYIHS4,Name14,77253
https://youtu.be/tx83HU7t_0E,Name15,13325
https://youtu.be/5ZPnmEeXnRY,Name16,88274
https://youtu.be/fhFwSB_7FF0,Name17,255642
https://youtu.be/ZvRlusdjMSs,Name18,6247
https://youtu.be/9W44NWYwa1g,Name19,762372
https://youtu.be/D8tjuP_nq5I,Name20,1336
https://youtu.be/qaLu0CIyFe0,Name21,15163
https://youtu.be/5qJp6xlKEug,Name22,1612
https://youtu.be/IOhFk7-6LuU,Name23,6712
https://youtu.be/-xmuUbw5vyc,Name24,178
